<annotation>
  <folder></folder>
  <filename>0.jpg</filename>
  <source>
    <database>Unknown</database>
    <annotation>Unknown</annotation>
    <image>Unknown</image>
  </source>
  <size>
    <width>1024</width>
    <height>591</height>
    <depth>3</depth>
  </size>
  <segmented>0</segmented>
  <object>
    <name>Player</name>
    <occluded>0</occluded>
    <bndbox>
      <xmin>381.1298828125</xmin>
      <ymin>390.2744140625</ymin>
      <xmax>554.1535339355469</xmax>
      <ymax>588.2831726074219</ymax>
    </bndbox>
  </object>
  <object>
    <name>Player</name>
    <occluded>0</occluded>
    <bndbox>
      <xmin>640.80078125</xmin>
      <ymin>28.700000000000728</ymin>
      <xmax>696.3007804870613</xmax>
      <ymax>128.1999969482422</ymax>
    </bndbox>
  </object>
</annotation>
